Accuracy,TPR,FPR,Precision,TNR,F1Score,NumOfSessions
1,0.78252377091472,0.708,0.175497460273079,0.484533260333972,0.824502539726921,0.575329107752316,2
2,0.791209425898117,0.696185286103542,0.173301197325455,0.579036827195467,0.826698802674545,0.632230126817198,2
3,0.878554604469466,0.651700087183958,0.0885421562176896,0.345984725757926,0.91145784378231,0.452003023431595,2
4,0.487472611222254,0.158139075464243,0.198272659732541,0.428533190578158,0.801727340267459,0.231024531024531,2
5,0.660796419840053,0.135386297376093,0.153404978005457,0.21240708976558,0.846595021994543,0.165368350767861,2
6,0.767593238351433,0.853276448236784,0.16351691134723,0.863930885529158,0.83648308865277,0.858570614079217,2
