Accuracy,TPR,FPR,Precision,TNR,F1Score,NumOfSessions
1,0.655259036930706,0.492292767058316,0.18450785642966,0.565362713542956,0.81549214357034,0.526303658887929,3
2,0.708885989707908,0.286585365853659,0.200965971459934,0.229461279461279,0.799034028540066,0.254861630516081,2
3,0.986074529314213,0.0186567164179104,0.00756087981146897,0.0159744408945687,0.992439120188531,0.0172117039586919,2
4,0.870975253498169,0.818528074702052,0.115936826992103,0.595672389127325,0.884063173007897,0.689540961548414,3
