Accuracy,TPR,FPR,Precision,TNR,F1Score,NumOfSessions
1,0.694734438209578,0.543085761181781,0.159125545220453,0.636145157414083,0.840874454779547,0.585943552850028,3
2,0.699681090092049,0.21921602045164,0.197453347969265,0.186210640608035,0.802546652030735,0.201369863013699,2
3,0.985050239001073,0,0.0084691673212883,0,0.991530832678712,0,2
