Accuracy,TPR,FPR,Precision,TNR,F1Score,NumOfSessions
1,0.694734438209578,0.543085761181781,0.159125545220453,0.636145157414083,0.840874454779547,0.585943552850028,3
2,0.699681090092049,0.21921602045164,0.197453347969265,0.186210640608035,0.802546652030735,0.201369863013699,2
3,0.985050239001073,0,0.0084691673212883,0,0.991530832678712,0,2
4,0.890598869578103,0.832435080842724,0.0956055789149831,0.645700712589074,0.904394421085017,0.727272727272727,3
5,0.689819475203006,0.104654747225647,0.138766138116281,0.174909840288511,0.861233861883719,0.130954676952748,2
6,0.958510482333969,0.964741587074891,0.0538172715894869,0.988205175093719,0.946182728410513,0.976332429990967
