Accuracy,TPR,FPR,Precision,TNR,F1Score,NumOfSessions
1,0.806220977371563,0.584001645075057,0.112912996877767,0.539616188485655,0.887087003122233,0.560932253604582,2
2,0.821358438258057,0.707079846188645,0.13738143368061,0.638871857755978,0.86261856631939,0.671247584281726,2
3,0.874303441144367,0.487576374745418,0.0838424663972178,0.309062742060418,0.916157533602782,0.378318584070796,2
4,0.381299418881585,0.102044809705508,0.353454680534918,0.215095896061044,0.646545319465082,0.138420703384207,2
5,0.7389052334977,0.245340562521179,0.0876997605657331,0.478994376447238,0.912300239434267,0.324481792717087,2
6,0.755803526950284,0.77695189391687,0.213885959931868,0.832070305037254,0.786114040068132,0.803567035670357,2
