Accuracy,TPR,FPR,Precision,TNR,F1Score,NumOfSessions
1,0.731143155422158,0.569395017793594,0.124967155394398,0.707790611943967,0.875032844605602,0.631094554618166,3
2,0.721714865550482,0.131039197812215,0.150823271130626,0.143391521197007,0.849176728869374,0.136937366039533,2
3,0.981879816603258,0,0.011660447761194,0,0.988339552238806,0,2
4,0.896864878596075,0.82381769174222,0.0861706491641883,0.666732771442737,0.913829350835812,0.736997862662355,3
5,0.69371183142071,0.132343651295009,0.140629061606447,0.205190989226249,0.859370938393553,0.160906298003072,2
6,0.957924058056004,0.963128292116775,0.048811013767209,0.989270976616231,0.951188986232791,0.976024608703519
