Accuracy,TPR,FPR,Precision,TNR,F1Score,NumOfSessions
1,0.77917004496204,0.535081820219682,0.126007735681998,0.468866627381654,0.873992264318002,0.499790619765494,2
2,0.770301490123599,0.589285714285714,0.16575960192816,0.550116058240135,0.834240398071839,0.569027611044418,2
3,0.898575285804561,0.319710515112814,0.0433938026756901,0.351591760299625,0.95660619732431,0.334894091415831,2
4,0.420072401638563,0.242172017439556,0.407968053491828,0.357466725171859,0.592031946508172,0.288735306279166,2
5,0.712717026478266,0.126590870524351,0.0838019934294782,0.331408262994225,0.916198006570522,0.183202357563851,2
6,0.8138886121351,0.873966081523356,0.203503933814584,0.854093975343103,0.796496066185416,0.863915767183318,2
